{
  "rows": 426104,
  "mae_kw": 134.67969176122264,
  "r2": 0.8691019375565036,
  "baseline_r2": -3.0160328831681795,
  "trained_at": "2026-02-12T12:18:46.163599+00:00"
}