{
  "rows": 609772,
  "mae_kw": 78.99684514752725,
  "r2": 0.9722126646129636,
  "baseline_r2": -2.383026973536795,
  "trained_at": "2026-02-06T11:11:39.700205+00:00"
}