{
  "rows": 1330858,
  "by_generator_type": {
    "SOLAR": {
      "rows": 610194,
      "mae_kw": 12.338531651148758,
      "r2": 0.9818186400050748,
      "baseline_r2": -15.174699919351372
    },
    "WIND": {
      "rows": 294560,
      "mae_kw": 194.1956080435129,
      "r2": 0.9412672600985043,
      "baseline_r2": -0.6822679760499482
    },
    "HYDRO": {
      "rows": 426104,
      "mae_kw": 134.67969176122264,
      "r2": 0.8691019375565036,
      "baseline_r2": -3.0160328831681795
    }
  },
  "trained_at": "2026-02-12T12:18:25.892361+00:00"
}