{
  "rows": 1329478,
  "by_generator_type": {
    "SOLAR": {
      "rows": 399302,
      "mae_kw": 10.327111648016217,
      "r2": 0.9904902062170214,
      "baseline_r2": -14.479058273180001
    },
    "WIND": {
      "rows": 320404,
      "mae_kw": 164.8998298237009,
      "r2": 0.963020877406643,
      "baseline_r2": -1.3629279507866094
    },
    "HYDRO": {
      "rows": 609772,
      "mae_kw": 78.99684514752725,
      "r2": 0.9722126646129636,
      "baseline_r2": -2.383026973536795
    }
  },
  "trained_at": "2026-02-06T11:11:16.520738+00:00"
}