{
  "rows": 610194,
  "mae_kw": 12.338531651148758,
  "r2": 0.9818186400050748,
  "baseline_r2": -15.174699919351372,
  "trained_at": "2026-02-12T12:18:35.655120+00:00"
}