{
  "rows": 399302,
  "mae_kw": 10.327111648016217,
  "r2": 0.9904902062170214,
  "baseline_r2": -14.479058273180001,
  "trained_at": "2026-02-06T11:11:23.628541+00:00"
}