{
  "rows": 320404,
  "mae_kw": 164.8998298237009,
  "r2": 0.963020877406643,
  "baseline_r2": -1.3629279507866094,
  "trained_at": "2026-02-06T11:11:27.415769+00:00"
}