{
  "rows": 294560,
  "mae_kw": 194.1956080435129,
  "r2": 0.9412672600985043,
  "baseline_r2": -0.6822679760499482,
  "trained_at": "2026-02-12T12:18:39.213840+00:00"
}